Id,Sex
0,M
1,M
2,F
3,M
4,I
5,I
6,F
7,F
8,M
9,F
10,F
11,M
12,M
13,F
14,F
15,M
16,I
17,F
18,M
19,M
20,M
21,I
22,F
23,F
24,F
25,F
26,F
27,M
28,M
29,M
30,M
31,F
32,M
33,F
34,F
35,M
36,F
37,F
38,F
39,M
40,F
41,F
42,I
43,I
44,I
45,I
46,M
47,F
48,I
49,F
50,I
51,M
52,M
53,F
54,M
55,F
56,M
57,M
58,I
59,F
60,M
61,M
62,F
63,M
64,M
65,M
66,F
67,F
68,F
69,I
70,M
71,F
72,F
73,M
74,F
75,F
76,M
77,F
78,F
79,F
80,F
81,M
82,F
83,M
84,M
85,F
86,M
87,M
88,F
89,F
90,M
91,M
92,M
93,F
94,M
95,M
96,M
97,M
98,M
99,F
100,I
101,M
102,M
103,M
104,M
105,F
106,F
107,F
108,F
109,F
110,M
111,M
112,I
113,M
114,F
115,F
116,F
117,M
118,F
119,M
120,F
121,I
122,F
123,M
124,I
125,I
126,I
127,I
128,M
129,M
130,M
131,F
132,F
133,I
134,I
135,F
136,F
137,M
138,F
139,M
140,F
141,F
142,M
143,M
144,M
145,F
146,M
147,I
148,I
149,I
150,M
151,F
152,F
153,F
154,F
155,M
156,F
157,M
158,F
159,F
160,M
161,F
162,M
163,F
164,F
165,M
166,F
167,F
168,M
169,F
170,M
171,F
172,M
173,F
174,I
175,I
176,I
177,I
178,I
179,M
180,M
181,M
182,F
183,F
184,F
185,M
186,F
187,F
188,F
189,F
190,M
191,M
192,M
193,I
194,F
195,M
196,F
197,M
198,M
199,M
200,F
201,M
202,F
203,F
204,M
205,F
206,I
207,I
208,F
209,I
210,F
211,M
212,F
213,M
214,F
215,M
216,M
217,I
218,M
219,F
220,F
221,F
222,F
223,F
224,I
225,F
226,F
227,I
228,F
229,F
230,M
231,M
232,M
233,I
234,I
235,I
236,I
237,I
238,I
239,I
240,M
241,I
242,I
243,I
244,I
245,I
246,I
247,I
248,I
249,I
250,I
251,M
252,F
253,F
254,M
255,M
256,M
257,M
258,F
259,F
260,F
261,F
262,M
263,I
264,M
265,F
266,M
267,M
268,M
269,F
270,F
271,M
272,M
273,M
274,M
275,M
276,F
277,M
278,M
279,F
280,F
281,I
282,F
283,M
284,M
285,F
286,M
287,F
288,M
289,F
290,M
291,F
292,M
293,F
294,M
295,I
296,I
297,I
298,M
299,M
300,F
301,F
302,M
303,M
304,F
305,I
306,I
307,M
308,M
309,M
310,F
311,M
312,M
313,F
314,M
315,I
316,F
317,M
318,F
319,I
320,I
321,I
322,M
323,I
324,M
325,I
326,I
327,M
328,M
329,I
330,M
331,F
332,I
333,I
334,F
335,M
336,M
337,M
338,M
339,F
340,M
341,F
342,M
343,F
344,F
345,M
346,F
347,I
348,I
349,M
350,F
351,F
352,M
353,M
354,M
355,M
356,M
357,F
358,M
359,F
360,M
361,F
362,F
363,F
364,F
365,M
366,M
367,F
368,M
369,F
370,F
371,F
372,F
373,F
374,M
375,F
376,M
377,F
378,M
379,F
380,M
381,M
382,M
383,M
384,M
385,F
386,M
387,M
388,M
389,I
390,I
391,M
392,F
393,I
394,I
395,I
396,F
397,M
398,M
399,M
400,F
401,M
402,F
403,F
404,I
405,F
406,M
407,M
408,M
409,M
410,M
411,M
412,F
413,M
414,F
415,F
416,F
417,M
418,F
419,M
420,F
421,I
422,F
423,I
424,I
425,M
426,F
427,M
428,F
429,F
430,F
431,M
432,M
433,M
434,I
435,M
436,I
437,I
438,M
439,M
440,I
441,I
442,F
443,I
444,F
445,F
446,M
447,M
448,M
449,F
450,M
451,F
452,F
453,F
454,F
455,M
456,F
457,I
458,I
459,F
460,M
461,F
462,I
463,I
464,I
465,I
466,F
467,M
468,F
469,M
470,F
471,F
472,I
473,F
474,F
475,M
476,F
477,M
478,M
479,M
480,F
481,M
482,M
483,F
484,M
485,F
486,M
487,F
488,M
489,F
490,M
491,M
492,F
493,M
494,M
495,F
496,F
497,F
498,F
499,M
500,F
501,F
502,F
503,F
504,F
505,M
506,M
507,M
508,M
509,I
510,I
511,F
512,F
513,M
514,F
515,M
516,M
517,M
518,M
519,F
520,M
521,F
522,I
523,M
524,M
525,M
526,M
527,F
528,F
529,M
530,I
531,F
532,I
533,F
534,I
535,I
536,I
537,M
538,M
539,F
540,F
541,F
542,M
543,M
544,F
545,M
546,M
547,M
548,F
549,I
550,I
551,I
552,I
553,I
554,I
555,I
556,I
557,F
558,F
559,I
560,F
561,I
562,F
563,F
564,F
565,M
566,I
567,I
568,M
569,F
570,I
571,I
572,F
573,F
574,I
575,F
576,I
577,F
578,I
579,F
580,F
581,I
582,F
583,I
584,F
585,I
586,I
587,F
588,M
589,F
590,I
591,F
592,I
593,F
594,M
595,I
596,F
597,I
598,I
599,F
600,I
601,F
602,F
603,I
604,I
605,I
606,M
607,I
608,M
609,M
610,F
611,M
612,M
613,I
614,I
615,M
616,F
617,M
618,M
619,M
620,M
621,I
622,F
623,F
624,I
625,F
626,F
627,F
628,I
629,M
630,I
631,F
632,M
633,I
634,M
635,M
636,M
637,M
638,I
639,F
640,M
641,I
642,F
643,M
644,M
645,I
646,M
647,M
648,I
649,F
650,M
651,I
652,I
653,M
654,F
655,M
656,F
657,F
658,I
659,F
660,I
661,I
662,F
663,F
664,I
665,F
666,M
667,F
668,M
669,F
670,M
671,F
672,F
673,M
674,F
675,F
676,M
677,F
678,F
679,F
680,I
681,M
682,F
683,M
684,M
685,M
686,F
687,F
688,M
689,M
690,M
691,I
692,F
693,M
694,I
695,I
696,I
697,M
698,F
699,F
700,M
701,F
702,F
703,M
704,M
705,M
706,M
707,F
708,M
709,I
710,I
711,M
712,I
713,M
714,M
715,I
716,I
717,I
718,I
719,I
720,I
721,M
722,M
723,M
724,M
725,F
726,M
727,F
728,M
729,F
730,M
731,M
732,M
733,M
734,M
735,M
736,M
737,F
738,M
739,M
740,M
741,F
742,F
743,F
744,M
745,F
746,F
747,M
748,M
749,M
750,F
751,M
752,F
753,F
754,M
755,M
756,M
757,F
758,M
759,M
760,M
761,F
762,F
763,M
764,F
765,M
766,F
767,M
768,F
769,F
770,F
771,I
772,M
773,M
774,M
775,M
776,M
777,M
778,M
779,F
780,M
781,M
782,M
783,I
784,I
785,M
786,F
787,M
788,F
789,F
790,F
791,F
792,M
793,M
794,M
795,M
796,M
797,M
798,M
799,F
800,M
801,M
802,M
803,I
804,M
805,M
806,I
807,F
808,F
809,F
810,M
811,F
812,I
813,I
814,I
815,I
816,I
817,I
818,I
819,I
820,I
821,I
822,I
823,I
824,I
825,I
826,I
827,I
828,I
829,I
830,M
831,I
832,I
833,I
834,I
835,I
836,M
837,I
838,F
839,I
840,M
841,F
842,M
843,M
844,M
845,M
846,F
847,F
848,F
849,M
850,F
851,M
852,M
853,M
854,M
855,F
856,M
857,M
858,F
859,F
860,F
861,F
862,M
863,F
864,M
865,F
866,M
867,F
868,F
869,M
870,M
871,F
872,M
873,F
874,F
875,M
876,M
877,F
878,F
879,F
880,M
881,M
882,M
883,M
884,M
885,F
886,F
887,F
888,F
889,F
890,F
891,M
892,I
893,I
894,I
895,I
896,I
897,I
898,I
899,I
900,I
901,I
902,I
903,I
904,I
905,I
906,I
907,I
908,I
909,I
910,I
911,I
912,I
913,I
914,I
915,I
916,I
917,I
918,I
919,I
920,I
921,I
922,I
923,I
924,I
925,I
926,I
927,I
928,I
929,I
930,I
931,F
932,I
933,I
934,I
935,I
936,I
937,I
938,I
939,I
940,I
941,I
942,I
943,I
944,F
945,M
946,F
947,M
948,F
949,M
950,M
951,M
952,M
953,F
954,M
955,M
956,M
957,M
958,I
959,M
960,M
961,F
962,I
963,M
964,I
965,M
966,I
967,I
968,M
969,M
970,F
971,M
972,F
973,M
974,F
975,F
976,M
977,F
978,M
979,M
980,F
981,F
982,F
983,F
984,M
985,M
986,F
987,M
988,M
989,M
990,F
991,F
992,F
993,M
994,F
995,M
996,M
997,M
998,F
999,F
1000,F
1001,M
1002,F
1003,M
1004,F
1005,M
1006,M
1007,M
1008,M
1009,F
1010,F
1011,F
1012,M
1013,F
1014,F
1015,F
1016,M
1017,F
1018,M
1019,M
1020,M
1021,M
1022,F
1023,F
1024,F
1025,M
1026,M
1027,F
1028,M
1029,F
1030,F
1031,M
1032,M
1033,M
1034,F
1035,F
1036,F
1037,M
1038,M
1039,F
1040,M
1041,F
1042,F
1043,M
1044,M
1045,M
1046,F
1047,F
1048,M
1049,M
1050,F
1051,F
1052,M
1053,I
1054,I
1055,I
1056,I
1057,I
1058,I
1059,I
1060,I
1061,I
1062,I
1063,I
1064,I
1065,I
1066,I
1067,I
1068,I
1069,I
1070,I
1071,I
1072,I
1073,I
1074,I
1075,I
1076,I
1077,I
1078,I
1079,I
1080,M
1081,I
1082,I
1083,I
1084,I
1085,I
1086,I
1087,I
1088,I
1089,I
1090,I
1091,I
1092,I
1093,M
1094,I
1095,I
1096,I
1097,I
1098,M
1099,I
1100,I
1101,I
1102,M
1103,F
1104,I
1105,F
1106,I
1107,I
1108,I
1109,M
1110,I
1111,I
1112,F
1113,I
1114,I
1115,M
1116,I
1117,I
1118,I
1119,I
1120,M
1121,M
1122,M
1123,F
1124,F
1125,M
1126,M
1127,M
1128,F
1129,M
1130,M
1131,M
1132,F
1133,M
1134,F
1135,I
1136,F
1137,F
1138,M
1139,F
1140,M
1141,I
1142,M
1143,M
1144,M
1145,M
1146,M
1147,M
1148,M
1149,F
1150,M
1151,M
1152,M
1153,F
1154,M
1155,F
1156,M
1157,F
1158,M
1159,M
1160,F
1161,M
1162,M
1163,M
1164,M
1165,F
1166,F
1167,M
1168,M
1169,F
1170,F
1171,M
1172,M
1173,M
1174,F
1175,M
1176,M
1177,F
1178,F
1179,M
1180,M
1181,F
1182,F
1183,M
1184,I
1185,F
1186,F
1187,M
1188,F
1189,M
1190,F
1191,M
1192,M
1193,M
1194,F
1195,F
1196,F
1197,M
1198,M
1199,F
1200,F
1201,M
1202,M
1203,F
1204,M
1205,M
1206,F
1207,F
1208,M
1209,F
1210,I
1211,I
1212,I
1213,I
1214,I
1215,I
1216,I
1217,I
1218,I
1219,I
1220,I
1221,I
1222,I
1223,I
1224,I
1225,I
1226,I
1227,I
1228,I
1229,I
1230,I
1231,I
1232,I
1233,I
1234,I
1235,I
1236,I
1237,I
1238,I
1239,I
1240,I
1241,I
1242,I
1243,I
1244,I
1245,I
1246,I
1247,I
1248,I
1249,I
1250,I
1251,I
1252,I
1253,I
1254,I
1255,I
1256,I
1257,I
1258,I
1259,I
1260,I
1261,I
1262,I
1263,F
1264,I
1265,I
1266,I
1267,F
1268,I
1269,I
1270,I
1271,I
1272,I
1273,I
1274,I
1275,I
1276,I
1277,I
1278,I
1279,I
1280,M
1281,I
1282,M
1283,I
1284,I
1285,I
1286,I
1287,I
1288,I
1289,I
1290,I
1291,I
1292,I
1293,I
1294,I
1295,I
1296,M
1297,I
1298,I
1299,I
1300,I
1301,I
1302,I
1303,F
1304,M
1305,F
1306,I
1307,I
1308,F
1309,I
1310,I
1311,I
1312,F
1313,M
1314,I
1315,I
1316,M
1317,I
1318,I
1319,I
1320,I
1321,I
1322,F
1323,I
1324,I
1325,F
1326,M
1327,M
1328,I
1329,I
1330,F
1331,M
1332,I
1333,M
1334,F
1335,F
1336,M
1337,M
1338,M
1339,F
1340,M
1341,M
1342,I
1343,M
1344,M
1345,M
1346,M
1347,I
1348,M
1349,M
1350,F
1351,F
1352,M
1353,M
1354,I
1355,F
1356,F
1357,M
1358,I
1359,M
1360,I
1361,F
1362,F
1363,M
1364,M
1365,M
1366,I
1367,M
1368,M
1369,F
1370,M
1371,M
1372,F
1373,M
1374,M
1375,F
1376,M
1377,M
1378,F
1379,F
1380,M
1381,F
1382,F
1383,F
1384,F
1385,I
1386,M
1387,I
1388,M
1389,M
1390,F
1391,F
1392,M
1393,M
1394,M
1395,M
1396,M
1397,M
1398,M
1399,F
1400,F
1401,M
1402,M
1403,F
1404,F
1405,M
1406,F
1407,M
1408,F
1409,F
1410,F
1411,F
1412,F
1413,M
1414,M
1415,F
1416,F
1417,M
1418,M
1419,F
1420,F
1421,F
1422,M
1423,F
1424,F
1425,F
1426,F
1427,F
1428,F
1429,I
1430,I
1431,I
1432,I
1433,I
1434,I
1435,I
1436,I
1437,I
1438,I
1439,I
1440,I
1441,I
1442,I
1443,M
1444,I
1445,I
1446,I
1447,M
1448,I
1449,M
1450,I
1451,I
1452,I
1453,I
1454,I
1455,M
1456,I
1457,F
1458,I
1459,I
1460,M
1461,M
1462,F
1463,M
1464,F
1465,I
1466,M
1467,I
1468,M
1469,M
1470,I
1471,M
1472,F
1473,F
1474,M
1475,F
1476,F
1477,M
1478,M
1479,M
1480,F
1481,F
1482,M
1483,M
1484,F
1485,F
1486,F
1487,M
1488,M
1489,F
1490,F
1491,F
1492,F
1493,I
1494,M
1495,F
1496,M
1497,M
1498,M
1499,M
1500,F
1501,M
1502,M
1503,F
1504,F
1505,M
1506,F
1507,F
1508,M
1509,F
1510,F
1511,M
1512,F
1513,M
1514,F
1515,M
1516,M
1517,F
1518,M
1519,M
1520,M
1521,F
1522,M
1523,M
1524,F
1525,M
1526,M
1527,M
1528,M
1529,M
1530,M
1531,I
1532,I
1533,I
1534,I
1535,I
1536,I
1537,I
1538,I
1539,I
1540,I
1541,I
1542,I
1543,I
1544,I
1545,I
1546,I
1547,I
1548,I
1549,I
1550,I
1551,I
1552,I
1553,I
1554,I
1555,I
1556,I
1557,I
1558,I
1559,I
1560,I
1561,I
1562,I
1563,I
1564,I
1565,I
1566,I
1567,I
1568,I
1569,I
1570,M
1571,I
1572,I
1573,I
1574,M
1575,I
1576,I
1577,I
1578,I
1579,I
1580,I
1581,I
1582,I
1583,I
1584,F
1585,I
1586,I
1587,I
1588,I
1589,I
1590,I
1591,M
1592,I
1593,I
1594,I
1595,M
1596,I
1597,I
1598,I
1599,I
1600,I
1601,I
1602,I
1603,I
1604,M
1605,I
1606,I
1607,I
1608,I
1609,I
1610,I
1611,M
1612,I
1613,I
1614,I
1615,I
1616,I
1617,I
1618,I
1619,I
1620,I
1621,M
1622,I
1623,F
1624,M
1625,M
1626,F
1627,M
1628,I
1629,I
1630,I
1631,I
1632,M
1633,I
1634,F
1635,I
1636,M
1637,F
1638,I
1639,I
1640,F
1641,M
1642,M
1643,F
1644,M
1645,M
1646,I
1647,F
1648,M
1649,I
1650,I
1651,F
1652,M
1653,M
1654,I
1655,F
1656,F
1657,M
1658,I
1659,F
1660,M
1661,M
1662,F
1663,M
1664,I
1665,F
1666,F
1667,F
1668,M
1669,F
1670,F
1671,M
1672,F
1673,I
1674,M
1675,F
1676,M
1677,M
1678,I
1679,F
1680,M
1681,F
1682,I
1683,F
1684,I
1685,I
1686,M
1687,F
1688,M
1689,M
1690,M
1691,I
1692,F
1693,I
1694,M
1695,F
1696,M
1697,M
1698,M
1699,I
1700,M
1701,F
1702,F
1703,F
1704,M
1705,M
1706,M
1707,M
1708,M
1709,M
1710,M
1711,M
1712,F
1713,M
1714,F
1715,M
1716,F
1717,F
1718,M
1719,M
1720,M
1721,M
1722,F
1723,F
1724,F
1725,M
1726,F
1727,M
1728,M
1729,M
1730,M
1731,F
1732,M
1733,M
1734,M
1735,M
1736,F
1737,F
1738,F
1739,M
1740,F
1741,M
1742,F
1743,M
1744,F
1745,F
1746,M
1747,F
1748,F
1749,M
1750,F
1751,F
1752,M
1753,M
1754,M
1755,F
1756,F
1757,F
1758,M
1759,F
1760,F
1761,M
1762,M
1763,M
1764,I
1765,I
1766,F
1767,M
1768,I
1769,M
1770,I
1771,I
1772,I
1773,I
1774,M
1775,I
1776,M
1777,I
1778,F
1779,M
1780,M
1781,M
1782,M
1783,M
1784,M
1785,F
1786,I
1787,I
1788,F
1789,F
1790,F
1791,M
1792,M
1793,M
1794,I
1795,F
1796,M
1797,I
1798,M
1799,M
1800,M
1801,M
1802,F
1803,F
1804,M
1805,M
1806,M
1807,M
1808,F
1809,F
1810,M
1811,M
1812,M
1813,F
1814,M
1815,F
1816,F
1817,F
1818,F
1819,M
1820,F
1821,F
1822,M
1823,M
1824,I
1825,I
1826,I
1827,I
1828,I
1829,I
1830,I
1831,I
1832,I
1833,I
1834,I
1835,I
1836,I
1837,I
1838,I
1839,I
1840,I
1841,I
1842,I
1843,I
1844,I
1845,I
1846,I
1847,I
1848,I
1849,I
1850,I
1851,I
1852,I
1853,I
1854,I
1855,I
1856,I
1857,I
1858,F
1859,I
1860,I
1861,M
1862,I
1863,I
1864,I
1865,I
1866,I
1867,I
1868,I
1869,I
1870,I
1871,I
1872,I
1873,I
1874,I
1875,F
1876,I
1877,I
1878,I
1879,I
1880,I
1881,I
1882,M
1883,M
1884,M
1885,I
1886,M
1887,I
1888,F
1889,M
1890,M
1891,I
1892,M
1893,I
1894,M
1895,M
1896,M
1897,M
1898,F
1899,M
1900,M
1901,M
1902,M
1903,M
1904,F
1905,I
1906,I
1907,F
1908,M
1909,F
1910,F
1911,M
1912,I
1913,M
1914,M
1915,F
1916,M
1917,M
1918,F
1919,I
1920,F
1921,M
1922,M
1923,F
1924,F
1925,F
1926,M
1927,M
1928,F
1929,M
1930,M
1931,M
1932,F
1933,M
1934,M
1935,M
1936,M
1937,M
1938,M
1939,F
1940,F
1941,F
1942,M
1943,F
1944,F
1945,F
1946,M
1947,M
1948,M
1949,M
1950,F
1951,F
1952,I
1953,M
1954,F
1955,F
1956,M
1957,F
1958,I
1959,F
1960,F
1961,F
1962,F
1963,M
1964,F
1965,M
1966,F
1967,M
1968,M
1969,F
1970,M
1971,F
1972,M
1973,M
1974,M
1975,M
1976,M
1977,F
1978,M
1979,M
1980,F
1981,F
1982,M
1983,F
1984,F
1985,M
1986,I
1987,I
1988,I
1989,I
1990,I
1991,I
1992,I
1993,I
1994,I
1995,I
1996,I
1997,I
1998,I
1999,I
2000,I
2001,I
2002,I
2003,I
2004,I
2005,I
2006,I
2007,I
2008,I
2009,I
2010,I
2011,M
2012,I
2013,M
2014,I
2015,I
2016,M
2017,M
2018,M
2019,I
2020,M
2021,M
2022,F
2023,F
2024,M
2025,F
2026,F
2027,M
2028,F
2029,M
2030,M
2031,F
2032,M
2033,M
2034,F
2035,M
2036,I
2037,I
2038,I
2039,I
2040,I
2041,I
2042,I
2043,I
2044,F
2045,I
2046,I
2047,I
2048,I
2049,I
2050,M
2051,F
2052,M
2053,M
2054,M
2055,I
2056,F
2057,I
2058,M
2059,I
2060,M
2061,F
2062,M
2063,M
2064,M
2065,F
2066,F
2067,F
2068,F
2069,M
2070,I
2071,F
2072,M
2073,F
2074,F
2075,M
2076,F
2077,F
2078,M
2079,F
2080,M
2081,M
2082,F
2083,M
2084,F
2085,F
2086,F
2087,M
2088,F
2089,F
2090,M
2091,F
2092,M
2093,F
2094,I
2095,M
2096,M
2097,M
2098,M
2099,F
2100,I
2101,M
2102,I
2103,M
2104,F
2105,M
2106,M
2107,F
2108,M
2109,M
2110,I
2111,I
2112,M
2113,I
2114,I
2115,I
2116,I
2117,F
2118,F
2119,I
2120,M
2121,I
2122,F
2123,F
2124,M
2125,M
2126,F
2127,I
2128,M
2129,M
2130,M
2131,M
2132,F
2133,M
2134,F
2135,M
2136,F
2137,F
2138,F
2139,M
2140,F
2141,I
2142,I
2143,M
2144,M
2145,F
2146,M
2147,M
2148,M
2149,M
2150,M
2151,F
2152,F
2153,I
2154,M
2155,M
2156,M
2157,M
2158,M
2159,F
2160,M
2161,F
2162,F
2163,F
2164,M
2165,F
2166,I
2167,F
2168,M
2169,I
2170,M
2171,I
2172,I
2173,M
2174,F
2175,M
2176,F
2177,F
2178,F
2179,F
2180,F
2181,M
2182,M
2183,M
2184,I
2185,M
2186,F
2187,M
2188,M
2189,F
2190,M
2191,M
2192,F
2193,I
2194,I
2195,I
2196,I
2197,I
2198,I
2199,F
2200,F
2201,F
2202,M
2203,M
2204,M
2205,I
2206,F
2207,M
2208,F
2209,F
2210,M
2211,M
2212,F
2213,M
2214,F
2215,F
2216,I
2217,F
2218,M
2219,F
2220,F
2221,M
2222,F
2223,F
2224,F
2225,M
2226,I
2227,I
2228,F
2229,M
2230,M
2231,F
2232,F
2233,M
2234,F
2235,M
2236,F
2237,M
2238,I
2239,F
2240,M
2241,F
2242,F
2243,M
2244,I
2245,M
2246,F
2247,F
2248,M
2249,F
2250,M
2251,M
2252,F
2253,F
2254,M
2255,M
2256,M
2257,M
2258,M
2259,F
2260,M
2261,M
2262,F
2263,F
2264,I
2265,F
2266,F
2267,F
2268,F
2269,M
2270,F
2271,F
2272,M
2273,F
2274,M
2275,M
2276,F
2277,F
2278,M
2279,M
2280,M
2281,I
2282,F
2283,I
2284,I
2285,I
2286,F
2287,F
2288,I
2289,F
2290,I
2291,M
2292,F
2293,I
2294,M
2295,F
2296,F
2297,M
2298,I
2299,I
2300,F
2301,F
2302,M
2303,F
2304,M
2305,F
2306,F
2307,F
2308,M
2309,M
2310,F
2311,M
2312,I
2313,M
2314,F
2315,M
2316,M
2317,M
2318,F
2319,F
2320,I
2321,M
2322,M
2323,I
2324,F
2325,F
2326,M
2327,M
2328,F
2329,I
2330,I
2331,M
2332,F
2333,M
2334,F
2335,M
2336,F
2337,M
2338,M
2339,M
2340,F
2341,I
2342,I
2343,I
2344,M
2345,F
2346,F
2347,M
2348,M
2349,F
2350,F
2351,M
2352,M
2353,F
2354,M
2355,M
2356,M
2357,M
2358,F
2359,F
2360,F
2361,M
2362,F
2363,M
2364,F
2365,F
2366,M
2367,M
2368,F
2369,I
2370,I
2371,M
2372,F
2373,F
2374,I
2375,M
2376,F
2377,I
2378,I
2379,F
2380,M
2381,M
2382,I
2383,F
2384,F
2385,F
2386,F
2387,I
2388,I
2389,M
2390,F
2391,M
2392,M
2393,I
2394,I
2395,I
2396,I
2397,I
2398,I
2399,F
2400,I
2401,F
2402,I
2403,M
2404,I
2405,I
2406,F
2407,I
2408,I
2409,F
2410,F
2411,I
2412,M
2413,F
2414,I
2415,M
2416,M
2417,M
2418,F
2419,F
2420,M
2421,I
2422,F
2423,F
2424,M
2425,I
2426,I
2427,M
2428,F
2429,M
2430,I
2431,F
2432,F
2433,F
2434,I
2435,F
2436,M
2437,I
2438,F
2439,F
2440,M
2441,M
2442,M
2443,F
2444,M
2445,M
2446,F
2447,I
2448,F
2449,F
2450,F
2451,M
2452,M
2453,I
2454,I
2455,I
2456,I
2457,I
2458,I
2459,F
2460,M
2461,F
2462,M
2463,M
2464,F
2465,M
2466,M
2467,M
2468,F
2469,M
2470,M
2471,M
2472,M
2473,F
2474,M
2475,F
2476,M
2477,M
2478,F
2479,F
2480,F
2481,M
2482,M
2483,F
2484,M
2485,I
2486,F
2487,F
2488,M
2489,M
2490,M
2491,F
2492,F
2493,I
2494,M
2495,M
2496,F
2497,M
2498,M
2499,M
2500,F
2501,F
2502,I
2503,I
2504,I
2505,I
2506,I
2507,I
2508,I
2509,I
2510,I
2511,I
2512,M
2513,F
2514,I
2515,F
2516,I
2517,M
2518,M
2519,I
2520,M
2521,M
2522,M
2523,F
2524,M
2525,M
2526,M
2527,M
2528,F
2529,F
2530,F
2531,M
2532,F
2533,M
2534,M
2535,F
2536,F
2537,I
2538,M
2539,F
2540,F
2541,F
2542,F
2543,F
2544,F
2545,I
2546,I
2547,I
2548,I
2549,I
2550,I
2551,I
2552,I
2553,I
2554,I
2555,I
2556,I
2557,I
2558,I
2559,I
2560,I
2561,I
2562,I
2563,I
2564,I
2565,I
2566,F
2567,F
2568,I
2569,I
2570,I
2571,M
2572,I
2573,I
2574,M
2575,M
2576,I
2577,I
2578,M
2579,M
2580,M
2581,F
2582,M
2583,F
2584,M
2585,F
2586,F
2587,F
2588,F
2589,M
2590,F
2591,F
2592,M
2593,F
2594,F
2595,F
2596,F
2597,F
2598,M
2599,M
2600,F
2601,F
2602,M
2603,F
2604,F
2605,F
2606,M
2607,F
2608,F
2609,F
2610,F
2611,M
2612,F
2613,F
2614,M
2615,M
2616,F
2617,M
2618,F
2619,M
2620,F
2621,M
2622,F
2623,F
2624,M
2625,M
2626,I
2627,I
2628,I
2629,I
2630,I
2631,I
2632,I
2633,I
2634,I
2635,I
2636,I
2637,I
2638,I
2639,I
2640,I
2641,I
2642,I
2643,I
2644,I
2645,M
2646,I
2647,I
2648,M
2649,M
2650,I
2651,I
2652,I
2653,I
2654,F
2655,M
2656,M
2657,F
2658,I
2659,F
2660,I
2661,M
2662,F
2663,M
2664,F
2665,F
2666,M
2667,F
2668,F
2669,M
2670,M
2671,F
2672,F
2673,M
2674,M
2675,M
2676,F
2677,F
2678,M
2679,F
2680,M
2681,M
2682,M
2683,M
2684,F
2685,M
2686,M
2687,M
2688,M
2689,M
2690,M
2691,F
2692,M
2693,M
2694,F
2695,M
2696,F
2697,M
2698,F
2699,M
2700,M
2701,F
2702,M
2703,M
2704,M
2705,M
2706,F
2707,M
2708,M
2709,F
2710,M
2711,I
2712,I
2713,I
2714,I
2715,I
2716,I
2717,I
2718,I
2719,I
2720,I
2721,I
2722,I
2723,I
2724,I
2725,I
2726,I
2727,I
2728,I
2729,I
2730,I
2731,I
2732,I
2733,I
2734,I
2735,I
2736,I
2737,I
2738,M
2739,I
2740,I
2741,I
2742,I
2743,I
2744,M
2745,I
2746,I
2747,I
2748,I
2749,I
2750,I
2751,F
2752,M
2753,I
2754,I
2755,F
2756,I
2757,I
2758,M
2759,F
2760,I
2761,I
2762,I
2763,I
2764,I
2765,I
2766,F
2767,I
2768,I
2769,I
2770,F
2771,F
2772,M
2773,F
2774,F
2775,I
2776,M
2777,I
2778,F
2779,M
2780,M
2781,M
2782,M
2783,M
2784,M
2785,M
2786,M
2787,F
2788,F
2789,F
2790,F
2791,M
2792,M
2793,M
2794,F
2795,M
2796,M
2797,M
2798,M
2799,M
2800,F
2801,M
2802,M
2803,M
2804,F
2805,F
2806,F
2807,M
2808,F
2809,M
2810,M
2811,M
2812,I
2813,I
2814,I
2815,I
2816,I
2817,I
2818,I
2819,I
2820,I
2821,I
2822,I
2823,I
2824,I
2825,I
2826,M
2827,I
2828,M
2829,I
2830,F
2831,M
2832,F
2833,F
2834,F
2835,M
2836,M
2837,F
2838,M
2839,F
2840,M
2841,M
2842,M
2843,M
2844,M
2845,F
2846,M
2847,M
2848,F
2849,M
2850,M
2851,F
2852,F
2853,F
2854,F
2855,F
2856,F
2857,M
2858,M
2859,F
2860,F
2861,F
2862,M
2863,M
2864,I
2865,I
2866,I
2867,I
2868,I
2869,I
2870,I
2871,I
2872,I
2873,I
2874,I
2875,I
2876,I
2877,I
2878,F
2879,I
2880,I
2881,I
2882,I
2883,I
2884,I
2885,I
2886,M
2887,I
2888,I
2889,I
2890,M
2891,I
2892,M
2893,F
2894,I
2895,I
2896,I
2897,I
2898,I
2899,I
2900,F
2901,I
2902,I
2903,F
2904,I
2905,M
2906,M
2907,M
2908,F
2909,F
2910,M
2911,F
2912,I
2913,M
2914,I
2915,I
2916,M
2917,M
2918,I
2919,F
2920,M
2921,F
2922,M
2923,F
2924,M
2925,I
2926,I
2927,F
2928,M
2929,I
2930,F
2931,F
2932,M
2933,F
2934,F
2935,M
2936,M
2937,M
2938,F
2939,F
2940,M
2941,F
2942,M
2943,F
2944,M
2945,F
2946,M
2947,M
2948,F
2949,M
2950,M
2951,M
2952,F
2953,F
2954,M
2955,M
2956,F
2957,F
2958,F
2959,F
2960,F
2961,F
2962,I
2963,F
2964,M
2965,M
2966,M
2967,M
2968,F
2969,M
2970,M
2971,M
2972,M
2973,M
2974,M
2975,I
2976,I
2977,I
2978,M
2979,M
2980,I
2981,F
2982,F
2983,F
2984,F
2985,I
2986,M
2987,M
2988,M
2989,M
2990,F
2991,M
2992,I
2993,F
2994,M
2995,M
2996,F
2997,F
2998,F
2999,F
3000,M
3001,M
3002,M
3003,F
3004,F
3005,M
3006,M
3007,M
3008,F
3009,I
3010,I
3011,I
3012,I
3013,I
3014,I
3015,I
3016,I
3017,I
3018,I
3019,I
3020,I
3021,I
3022,I
3023,I
3024,I
3025,I
3026,I
3027,I
3028,I
3029,I
3030,I
3031,I
3032,I
3033,M
3034,M
3035,I
3036,I
3037,M
3038,I
3039,M
3040,F
3041,M
3042,I
3043,M
3044,I
3045,F
3046,M
3047,M
3048,I
3049,M
3050,M
3051,M
3052,F
3053,F
3054,M
3055,F
3056,M
3057,M
3058,I
3059,F
3060,M
3061,M
3062,F
3063,F
3064,M
3065,F
3066,F
3067,M
3068,M
3069,M
3070,F
3071,F
3072,F
3073,M
3074,M
3075,F
3076,F
3077,M
3078,F
3079,F
3080,M
3081,F
3082,F
3083,I
3084,I
3085,I
3086,I
3087,I
3088,I
3089,M
3090,M
3091,M
3092,M
3093,F
3094,M
3095,M
3096,F
3097,M
3098,F
3099,M
3100,M
3101,M
3102,M
3103,M
3104,M
3105,I
3106,I
3107,I
3108,I
3109,I
3110,I
3111,I
3112,I
3113,I
3114,I
3115,I
3116,M
3117,F
3118,M
3119,F
3120,F
3121,F
3122,M
3123,M
3124,F
3125,M
3126,M
3127,F
3128,F
3129,F
3130,M
3131,M
3132,F
3133,F
3134,M
3135,M
3136,M
3137,M
3138,M
3139,I
3140,M
3141,I
3142,I
3143,I
3144,F
3145,M
3146,M
3147,F
3148,F
3149,F
3150,F
3151,F
3152,F
3153,M
3154,M
3155,M
3156,M
3157,F
3158,M
3159,F
3160,I
3161,F
3162,M
3163,F
3164,F
3165,F
3166,F
3167,M
3168,M
3169,M
3170,F
3171,M
3172,F
3173,M
3174,M
3175,I
3176,F
3177,F
3178,M
3179,I
3180,F
3181,M
3182,M
3183,M
3184,F
3185,F
3186,F
3187,F
3188,M
3189,M
3190,I
3191,M
3192,F
3193,M
3194,F
3195,F
3196,I
3197,I
3198,M
3199,F
3200,F
3201,F
3202,F
3203,F
3204,F
3205,M
3206,I
3207,I
3208,I
3209,I
3210,M
3211,F
3212,F
3213,F
3214,F
3215,F
3216,M
3217,M
3218,F
3219,M
3220,M
3221,M
3222,M
3223,M
3224,M
3225,I
3226,F
3227,F
3228,I
3229,F
3230,M
3231,M
3232,M
3233,F
3234,F
3235,M
3236,I
3237,M
3238,M
3239,F
3240,M
3241,M
3242,M
3243,F
3244,F
3245,F
3246,M
3247,F
3248,M
3249,M
3250,F
3251,I
3252,M
3253,I
3254,F
3255,I
3256,F
3257,M
3258,M
3259,M
3260,F
3261,F
3262,F
3263,M
3264,F
3265,M
3266,F
3267,F
3268,M
3269,F
3270,F
3271,M
3272,M
3273,F
3274,F
3275,M
3276,M
3277,F
3278,M
3279,F
3280,M
3281,M
3282,F
3283,F
3284,M
3285,F
3286,F
3287,M
3288,F
3289,M
3290,F
3291,M
3292,F
3293,M
3294,F
3295,M
3296,F
3297,M
3298,F
3299,M
3300,F
3301,F
3302,F
3303,F
3304,F
3305,I
3306,I
3307,F
3308,M
3309,I
3310,F
3311,F
3312,F
3313,M
3314,I
3315,M
3316,M
3317,M
3318,M
3319,F
3320,F
3321,I
3322,F
3323,F
3324,I
3325,M
3326,I
3327,I
3328,I
3329,F
3330,F
3331,F
3332,I
3333,I
3334,I
3335,F
3336,F
3337,I
3338,F
3339,F
3340,I
3341,F
3342,M
3343,F
3344,I
3345,F
3346,I
3347,M
3348,I
3349,I
3350,I
3351,F
3352,F
3353,I
3354,F
3355,I
3356,I
3357,I
3358,M
3359,I
3360,F
3361,M
3362,M
3363,I
3364,M
3365,I
3366,M
3367,I
3368,I
3369,I
3370,M
3371,M
3372,I
3373,M
3374,F
3375,F
3376,I
3377,I
3378,M
3379,I
3380,I
3381,M
3382,M
3383,M
3384,F
3385,F
3386,M
3387,M
3388,M
3389,M
3390,M
3391,M
3392,M
3393,M
3394,M
3395,F
3396,M
3397,F
3398,M
3399,F
3400,M
3401,M
3402,M
3403,I
3404,M
3405,I
3406,I
3407,I
3408,I
3409,I
3410,I
3411,I
3412,I
3413,M
3414,F
3415,F
3416,M
3417,M
3418,F
3419,M
3420,F
3421,M
3422,M
3423,F
3424,M
3425,F
3426,M
3427,M
3428,I
3429,I
3430,I
3431,I
3432,I
3433,I
3434,I
3435,I
3436,I
3437,I
3438,I
3439,I
3440,I
3441,F
3442,M
3443,I
3444,F
3445,I
3446,I
3447,F
3448,M
3449,M
3450,F
3451,M
3452,F
3453,F
3454,F
3455,M
3456,F
3457,F
3458,F
3459,M
3460,M
3461,F
3462,F
3463,M
3464,M
3465,F
3466,M
3467,M
3468,F
3469,F
3470,M
3471,F
3472,I
3473,I
3474,I
3475,I
3476,I
3477,I
3478,I
3479,I
3480,I
3481,I
3482,I
3483,I
3484,I
3485,I
3486,F
3487,I
3488,I
3489,F
3490,M
3491,M
3492,M
3493,M
3494,F
3495,M
3496,M
3497,F
3498,M
3499,F
3500,M
3501,M
3502,M
3503,F
3504,F
3505,M
3506,M
3507,F
3508,F
3509,F
3510,M
3511,M
3512,F
3513,F
3514,M
3515,F
3516,F
3517,F
3518,M
3519,M
3520,F
3521,I
3522,I
3523,I
3524,I
3525,I
3526,I
3527,I
3528,I
3529,I
3530,I
3531,I
3532,I
3533,I
3534,I
3535,I
3536,I
3537,I
3538,M
3539,I
3540,I
3541,I
3542,I
3543,I
3544,I
3545,I
3546,I
3547,I
3548,F
3549,I
3550,M
3551,I
3552,I
3553,I
3554,I
3555,M
3556,I
3557,I
3558,I
3559,F
3560,M
3561,I
3562,F
3563,I
3564,I
3565,F
3566,M
3567,I
3568,I
3569,I
3570,M
3571,F
3572,F
3573,F
3574,F
3575,M
3576,F
3577,M
3578,F
3579,F
3580,F
3581,M
3582,F
3583,F
3584,M
3585,M
3586,I
3587,M
3588,M
3589,M
3590,F
3591,F
3592,M
3593,F
3594,F
3595,M
3596,M
3597,M
3598,M
3599,M
3600,I
3601,I
3602,I
3603,I
3604,I
3605,I
3606,F
3607,M
3608,M
3609,F
3610,M
3611,F
3612,M
3613,F
3614,M
3615,M
3616,M
3617,M
3618,M
3619,F
3620,F
3621,F
3622,M
3623,M
3624,F
3625,F
3626,M
3627,M
3628,F
3629,I
3630,I
3631,I
3632,I
3633,I
3634,I
3635,I
3636,I
3637,I
3638,I
3639,I
3640,I
3641,I
3642,I
3643,I
3644,I
3645,I
3646,I
3647,I
3648,I
3649,I
3650,I
3651,I
3652,F
3653,I
3654,I
3655,M
3656,I
3657,M
3658,I
3659,M
3660,F
3661,I
3662,I
3663,I
3664,I
3665,I
3666,I
3667,F
3668,F
3669,I
3670,M
3671,I
3672,F
3673,F
3674,F
3675,M
3676,F
3677,M
3678,F
3679,M
3680,F
3681,M
3682,M
3683,M
3684,I
3685,M
3686,F
3687,I
3688,I
3689,F
3690,M
3691,M
3692,M
3693,M
3694,M
3695,F
3696,M
3697,M
3698,F
3699,M
3700,F
3701,M
3702,F
3703,F
3704,M
3705,F
3706,F
3707,M
3708,F
3709,M
3710,M
3711,M
3712,F
3713,M
3714,F
3715,M
3716,I
3717,I
3718,I
3719,I
3720,F
3721,M
3722,I
3723,I
3724,F
3725,M
3726,I
3727,M
3728,I
3729,M
3730,M
3731,F
3732,F
3733,M
3734,M
3735,M
3736,M
3737,M
3738,F
3739,F
3740,F
3741,F
3742,F
3743,F
3744,I
3745,I
3746,I
3747,I
3748,I
3749,I
3750,I
3751,I
3752,I
3753,I
3754,I
3755,I
3756,I
3757,I
3758,I
3759,M
3760,M
3761,M
3762,I
3763,I
3764,I
3765,I
3766,F
3767,M
3768,M
3769,F
3770,I
3771,I
3772,M
3773,F
3774,I
3775,M
3776,F
3777,M
3778,I
3779,M
3780,M
3781,M
3782,F
3783,I
3784,M
3785,M
3786,M
3787,M
3788,F
3789,F
3790,F
3791,F
3792,F
3793,F
3794,M
3795,M
3796,F
3797,M
3798,F
3799,F
3800,M
3801,I
3802,I
3803,I
3804,I
3805,M
3806,I
3807,F
3808,M
3809,F
3810,I
3811,M
3812,F
3813,I
3814,I
3815,I
3816,M
3817,M
3818,M
3819,M
3820,M
3821,M
3822,F
3823,F
3824,M
3825,M
3826,F
3827,M
3828,M
3829,F
3830,M
3831,F
3832,F
3833,M
3834,M
3835,F
3836,M
3837,I
3838,I
3839,M
3840,F
3841,M
3842,F
3843,M
3844,M
3845,M
3846,I
3847,M
3848,F
3849,M
3850,F
3851,M
3852,M
3853,F
3854,F
3855,M
3856,I
3857,M
3858,F
3859,F
3860,F
3861,F
3862,M
3863,F
3864,I
3865,M
3866,F
3867,F
3868,F
3869,F
3870,M
3871,F
3872,F
3873,I
3874,F
3875,M
3876,M
3877,F
3878,M
3879,F
3880,I
3881,F
3882,F
3883,M
3884,I
3885,I
3886,F
3887,F
3888,F
3889,M
3890,M
3891,F
3892,F
3893,I
3894,M
3895,F
3896,M
3897,F
3898,F
3899,I
3900,M
3901,F
3902,I
3903,M
3904,M
3905,M
3906,M
3907,I
3908,I
3909,F
3910,M
3911,I
3912,I
3913,I
3914,I
3915,I
3916,F
3917,I
3918,F
3919,I
3920,M
3921,M
3922,I
3923,M
3924,F
3925,F
3926,I
3927,I
3928,I
3929,F
3930,F
3931,I
3932,F
3933,I
3934,I
3935,M
3936,F
3937,M
3938,F
3939,M
3940,M
3941,F
3942,F
3943,M
3944,M
3945,I
3946,M
3947,M
3948,F
3949,F
3950,F
3951,F
3952,I
3953,I
3954,M
3955,I
3956,F
3957,F
3958,F
3959,F
3960,M
3961,M
3962,F
3963,I
3964,I
3965,I
3966,I
3967,I
3968,I
3969,I
3970,I
3971,I
3972,M
3973,I
3974,I
3975,I
3976,I
3977,I
3978,M
3979,M
3980,F
3981,M
3982,I
3983,F
3984,M
3985,M
3986,F
3987,F
3988,M
3989,F
3990,M
3991,M
3992,M
3993,M
3994,I
3995,I
3996,I
3997,I
3998,I
3999,I
4000,I
4001,I
4002,I
4003,I
4004,M
4005,F
4006,M
4007,F
4008,M
4009,M
4010,M
4011,M
4012,F
4013,M
4014,M
4015,M
4016,F
4017,M
4018,M
4019,M
4020,F
4021,F
4022,M
4023,I
4024,I
4025,I
4026,I
4027,I
4028,I
4029,I
4030,I
4031,I
4032,I
4033,I
4034,M
4035,I
4036,I
4037,I
4038,I
4039,I
4040,F
4041,I
4042,F
4043,F
4044,F
4045,M
4046,M
4047,M
4048,F
4049,M
4050,M
4051,M
4052,M
4053,F
4054,F
4055,F
4056,M
4057,F
4058,F
4059,M
4060,I
4061,M
4062,M
4063,F
4064,F
4065,I
4066,I
4067,I
4068,I
4069,I
4070,I
4071,I
4072,I
4073,I
4074,I
4075,M
4076,I
4077,I
4078,M
4079,M
4080,I
4081,M
4082,I
4083,M
4084,F
4085,M
4086,M
4087,I
4088,M
4089,M
4090,M
4091,M
4092,F
4093,M
4094,M
4095,F
4096,F
4097,M
4098,F
4099,M
4100,F
4101,F
4102,M
4103,M
4104,F
4105,F
4106,F
4107,I
4108,I
4109,M
4110,M
4111,I
4112,F
4113,I
4114,F
4115,F
4116,M
4117,F
4118,M
4119,I
4120,M
4121,I
4122,I
4123,I
4124,I
4125,I
4126,M
4127,I
4128,M
4129,I
4130,M
4131,I
4132,I
4133,M
4134,F
4135,F
4136,F
4137,M
4138,M
4139,F
4140,F
4141,F
4142,M
4143,F
4144,M
4145,M
4146,M
4147,M
4148,M
4149,I
4150,I
4151,I
4152,I
4153,I
4154,I
4155,I
4156,M
4157,M
4158,I
4159,F
4160,F
4161,F
4162,M
4163,I
4164,I
4165,I
4166,I
4167,M
4168,F
4169,M
4170,M
4171,M
4172,F
4173,M
4174,M
4175,F
4176,M
